{
  "0": 0.9459232613908873,
  "1": 1.1302292263610316,
  "2": 0.7622222222222222,
  "3": 1.127,
  "4": 1.127,
  "5": 7.442452830188679,
  "6": 1.127,
  "7": 0.5904940119760479,
  "8": 1.1845345345345346,
  "9": 0.7081687612208258
}